state,district_id,district,representative,party,poor_2000,poverty_rate_2000,poor_2010_14,poverty_rate_2010_14,,chg_poor,sig_poor,chg_rate,sig_rate,,,
US,,All,,,33899812.00000,0.12378,47755606.00000,0.15595,,0.40873,*,0.03217,*,,,
US_R,,All Republican Districts (247),,R,16795271.00000,0.11109,25064102.00000,0.14434,,0.49233,*,0.03325,*,,,
US_D,,All Democratic Districts (189),,D,17104541.00000,0.13941,22691504.00000,0.17115,,0.32664,*,0.03175,*,,,
AL,101,Congressional District 1,"Byrne, Bradley",R,105784.00000,0.16993,128867.00000,0.18931,,0.21821,*,0.01938,*,,,
AL,102,Congressional District 2,"Roby, Martha",R,102308.00000,0.16769,128514.00000,0.19396,,0.25615,*,0.02627,*,,,
AL,103,Congressional District 3,"Rogers, Mike",R,105553.00000,0.17473,142015.00000,0.20920,,0.34544,*,0.03447,*,,,
AL,104,Congressional District 4,"Aderholt, Robert B.",R,97008.00000,0.15013,128799.00000,0.19201,,0.32772,*,0.04188,*,,,
AL,105,Congressional District 5,"Brooks, Mo",R,69390.00000,0.11932,100948.00000,0.14855,,0.45479,*,0.02923,*,,,
AL,106,Congressional District 6,"Palmer, Gary J.",R,47113.00000,0.08172,75435.00000,0.11243,,0.60115,*,0.03071,*,,,
AL,107,Congressional District 7,"Sewell, Terri A.",D,170941.00000,0.24633,185132.00000,0.28218,,0.08302,*,0.03584,*,,,
AK,200,Congressional District (at Large),"Young, Don",R,57602.00000,0.09397,71866.00000,0.10104,,0.24763,*,0.00707,*,,,
AZ,401,Congressional District 1,"Kirkpatrick, Ann",D,118382.00000,0.22067,152771.00000,0.21971,,0.29049,*,-0.00096,,,,
AZ,402,Congressional District 2,"McSally, Martha",R,77427.00000,0.12480,112812.00000,0.16223,,0.45701,*,0.03743,*,,,
AZ,403,Congressional District 3,"Grijalva, Raul M.",D,104401.00000,0.21468,169638.00000,0.24492,,0.62487,*,0.03024,*,,,
AZ,404,Congressional District 4,"Gosar, Paul A.",R,58926.00000,0.12576,112987.00000,0.16318,,0.91744,*,0.03741,*,,,
AZ,405,Congressional District 5,"Salmon, Matt",R,25648.00000,0.05491,71218.00000,0.09626,,1.77675,*,0.04135,*,,,
AZ,406,Congressional District 6,"Schweikert, David",R,48157.00000,0.07249,87955.00000,0.12138,,0.82642,*,0.04890,*,,,
AZ,407,Congressional District 7,"Gallego, Ruben",D,157384.00000,0.25059,252724.00000,0.34922,,0.60578,*,0.09863,*,,,
AZ,408,Congressional District 8,"Franks, Trent",R,25816.00000,0.06005,74490.00000,0.10161,,1.88542,*,0.04156,*,,,
AZ,409,Congressional District 9,"Sinema, Kyrsten",D,82528.00000,0.11461,134714.00000,0.18858,,0.63234,*,0.07397,*,,,
AR,501,Congressional District 1,"Crawford, Eric A. ""Rick""",R,130606.00000,0.18929,153635.00000,0.22003,,0.17632,*,0.03074,*,,,
AR,502,Congressional District 2,"Hill, J. French",R,79321.00000,0.12636,115855.00000,0.15904,,0.46058,*,0.03267,*,,,
AR,503,Congressional District 3,"Womack, Steve",R,76371.00000,0.13384,129701.00000,0.17754,,0.69830,*,0.04370,*,,,
AR,504,Congressional District 4,"Westerman, Bruce",R,125479.00000,0.17628,150112.00000,0.21280,,0.19631,*,0.03652,*,,,
CA,601,Congressional District 1,"LaMalfa, Doug",R,99367.00000,0.15704,125016.00000,0.18360,,0.25812,*,0.02656,*,,,
CA,602,Congressional District 2,"Huffman, Jared",D,73456.00000,0.11084,94156.00000,0.13575,,0.28180,*,0.02491,*,,,
CA,603,Congressional District 3,"Garamendi, John",D,82855.00000,0.13634,113297.00000,0.16462,,0.36741,*,0.02828,*,,,
CA,604,Congressional District 4,"McClintock, Tom",R,43119.00000,0.07829,72202.00000,0.10390,,0.67448,*,0.02562,*,,,
CA,605,Congressional District 5,"Thompson, Mike",D,55574.00000,0.08536,91226.00000,0.13034,,0.64152,*,0.04497,*,,,
CA,606,Congressional District 6,"Matsui, Doris O.",D,119721.00000,0.19787,164514.00000,0.23365,,0.37414,*,0.03578,*,,,
CA,607,Congressional District 7,"Bera, Ami",D,50821.00000,0.08916,93704.00000,0.13205,,0.84380,*,0.04289,*,,,
CA,608,Congressional District 8,"Cook, Paul",R,82650.00000,0.15483,144593.00000,0.21075,,0.74946,*,0.05593,*,,,
CA,609,Congressional District 9,"McNerney, Jerry",D,95338.00000,0.16899,135517.00000,0.18887,,0.42144,*,0.01989,*,,,
CA,610,Congressional District 10,"Denham, Jeff",R,81550.00000,0.14252,124723.00000,0.17771,,0.52941,*,0.03519,*,,,
CA,611,Congressional District 11,"DeSaulnier, Mark",D,58209.00000,0.08561,86913.00000,0.12008,,0.49312,*,0.03447,*,,,
CA,612,Congressional District 12,"Pelosi, Nancy",D,78964.00000,0.11864,95399.00000,0.13555,,0.20813,*,0.01692,*,,,
CA,613,Congressional District 13,"Lee, Barbara",D,109832.00000,0.16083,125423.00000,0.17807,,0.14195,*,0.01724,*,,,
CA,614,Congressional District 14,"Speier, Jackie",D,41895.00000,0.06111,59177.00000,0.08145,,0.41251,*,0.02034,*,,,
CA,615,Congressional District 15,"Swalwell, Eric",D,38541.00000,0.06341,62060.00000,0.08721,,0.61023,*,0.02380,*,,,
CA,616,Congressional District 16,"Costa, Jim",D,163820.00000,0.27666,219185.00000,0.31516,,0.33796,*,0.03850,*,,,
CA,617,Congressional District 17,"Honda, Michael M.",D,39323.00000,0.06044,55418.00000,0.07647,,0.40930,*,0.01603,*,,,
CA,618,Congressional District 18,"Eshoo, Anna G.",D,41574.00000,0.05937,52143.00000,0.07344,,0.25422,*,0.01406,*,,,
CA,619,Congressional District 19,"Lofgren, Zoe",D,62854.00000,0.09668,92736.00000,0.12980,,0.47542,*,0.03312,*,,,
CA,620,Congressional District 20,"Farr, Sam",D,82747.00000,0.13323,117416.00000,0.17033,,0.41898,*,0.03710,*,,,
CA,621,Congressional District 21,"Valadao, David G.",R,147638.00000,0.27264,207120.00000,0.31003,,0.40289,*,0.03739,*,,,
CA,622,Congressional District 22,"Nunes, Devin",R,95134.00000,0.16928,148516.00000,0.20712,,0.56112,*,0.03784,*,,,
CA,623,Congressional District 23,"McCarthy, Kevin",R,84665.00000,0.16012,133464.00000,0.19259,,0.57638,*,0.03248,*,,,
CA,624,Congressional District 24,"Capps, Lois",D,88336.00000,0.13584,108163.00000,0.15916,,0.22445,*,0.02332,*,,,
CA,625,Congressional District 25,"Knight, Stephen",R,56497.00000,0.10336,97904.00000,0.14008,,0.73291,*,0.03672,*,,,
CA,626,Congressional District 26,"Brownley, Julia",D,59633.00000,0.09698,83530.00000,0.11807,,0.40073,*,0.02109,*,,,
CA,627,Congressional District 27,"Chu, Judy",D,84542.00000,0.12607,87486.00000,0.12590,,0.03482,,-0.00017,,,,
CA,628,Congressional District 28,"Schiff, Adam B.",D,121101.00000,0.16792,114322.00000,0.15917,,-0.05598,*,-0.00874,*,,,
CA,629,Congressional District 29,"Cardenas, Tony",D,138366.00000,0.20652,153989.00000,0.22025,,0.11291,*,0.01372,*,,,
CA,630,Congressional District 30,"Sherman, Brad",D,66945.00000,0.10309,91560.00000,0.12619,,0.36769,*,0.02310,*,,,
CA,631,Congressional District 31,"Aguilar, Pete",D,105016.00000,0.17986,142860.00000,0.20209,,0.36036,*,0.02223,*,,,
CA,632,Congressional District 32,"Napolitano, Grace F.",D,102022.00000,0.14669,104397.00000,0.14712,,0.02328,,0.00043,,,,
CA,633,Congressional District 33,"Lieu, Ted",D,53614.00000,0.07974,62662.00000,0.09165,,0.16876,*,0.01191,*,,,
CA,634,Congressional District 34,"Becerra, Xavier",D,208728.00000,0.30322,199876.00000,0.29117,,-0.04241,*,-0.01205,*,,,
CA,635,Congressional District 35,"Torres, Norma J.",D,105773.00000,0.17029,131389.00000,0.18582,,0.24218,*,0.01553,*,,,
CA,636,Congressional District 36,"Ruiz, Raul",D,88347.00000,0.17243,146451.00000,0.20481,,0.65768,*,0.03238,*,,,
CA,637,Congressional District 37,"Bass, Karen",D,153170.00000,0.22486,156011.00000,0.22018,,0.01855,,-0.00468,,,,
CA,638,Congressional District 38,"Sanchez, Linda T.",D,77973.00000,0.11409,90483.00000,0.12854,,0.16044,*,0.01445,*,,,
CA,639,Congressional District 39,"Royce, Edward R.",R,58891.00000,0.08792,76045.00000,0.10628,,0.29128,*,0.01836,*,,,
CA,640,Congressional District 40,"Roybal-Allard, Lucille",D,182456.00000,0.26554,199185.00000,0.28330,,0.09169,*,0.01776,*,,,
CA,641,Congressional District 41,"Takano, Mark",D,87856.00000,0.16119,148466.00000,0.20624,,0.68988,*,0.04505,*,,,
CA,642,Congressional District 42,"Calvert, Ken",R,35216.00000,0.08595,74675.00000,0.10434,,1.12049,*,0.01839,*,,,
CA,643,Congressional District 43,"Waters, Maxine",D,138169.00000,0.20508,145944.00000,0.20795,,0.05627,*,0.00288,,,,
CA,644,Congressional District 44,"Hahn, Janice",D,157555.00000,0.23748,168535.00000,0.23759,,0.06969,*,0.00011,,,,
CA,645,Congressional District 45,"Walters, Mimi",R,38387.00000,0.06195,66127.00000,0.09118,,0.72264,*,0.02922,*,,,
CA,646,Congressional District 46,"Sanchez, Loretta",D,114718.00000,0.17103,133314.00000,0.19424,,0.16210,*,0.02321,*,,,
CA,647,Congressional District 47,"Lowenthal, Alan S.",D,119211.00000,0.17547,123805.00000,0.17338,,0.03854,*,-0.00209,,,,
CA,648,Congressional District 48,"Rohrabacher, Dana",R,55622.00000,0.07879,77002.00000,0.10863,,0.38438,*,0.02984,*,,,
CA,649,Congressional District 49,"Issa, Darrell E.",R,56501.00000,0.09606,79821.00000,0.11571,,0.41274,*,0.01965,*,,,
CA,650,Congressional District 50,"Hunter, Duncan",R,62150.00000,0.10292,102862.00000,0.14294,,0.65506,*,0.04002,*,,,
CA,651,Congressional District 51,"Vargas, Juan",D,140325.00000,0.23090,165115.00000,0.24153,,0.17666,*,0.01064,*,,,
CA,652,Congressional District 52,"Peters, Scott H.",D,43445.00000,0.07639,67363.00000,0.09584,,0.55054,*,0.01944,*,,,
CA,653,Congressional District 53,"Davis, Susan A.",D,75918.00000,0.12098,101984.00000,0.14096,,0.34334,*,0.01997,*,,,
CO,801,Congressional District 1,"DeGette, Diana",D,83881.00000,0.12697,125027.00000,0.16785,,0.49053,*,0.04088,*,,,
CO,802,Congressional District 2,"Polis, Jared",D,51558.00000,0.08399,86984.00000,0.12152,,0.68711,*,0.03753,*,,,
CO,803,Congressional District 3,"Tipton, Scott R.",R,74023.00000,0.12239,110269.00000,0.15638,,0.48966,*,0.03399,*,,,
CO,804,Congressional District 4,"Buck, Ken",R,53105.00000,0.10000,84061.00000,0.11623,,0.58292,*,0.01623,*,,,
CO,805,Congressional District 5,"Lamborn, Doug",R,47905.00000,0.08281,88728.00000,0.12505,,0.85217,*,0.04225,*,,,
CO,806,Congressional District 6,"Coffman, Mike",R,34462.00000,0.06037,80699.00000,0.10789,,1.34168,*,0.04752,*,,,
CO,807,Congressional District 7,"Perlmutter, Ed",D,44018.00000,0.06853,88093.00000,0.12018,,1.00129,*,0.05166,*,,,
CT,901,Congressional District 1,"Larson, John B.",D,63805.00000,0.09555,83790.00000,0.11962,,0.31322,*,0.02406,*,,,
CT,902,Congressional District 2,"Courtney, Joe",D,36866.00000,0.05817,54595.00000,0.08092,,0.48090,*,0.02275,*,,,
CT,903,Congressional District 3,"DeLauro, Rosa L.",D,57795.00000,0.08779,79362.00000,0.11541,,0.37316,*,0.02762,*,,,
CT,904,Congressional District 4,"Himes, James A.",D,49811.00000,0.07343,68309.00000,0.09525,,0.37136,*,0.02182,*,,,
CT,905,Congressional District 5,"Esty, Elizabeth H.",D,51237.00000,0.07738,78684.00000,0.11224,,0.53569,*,0.03486,*,,,
DE,1000,Congressional District (at Large),"Carney, John C., Jr.",D,69901.00000,0.09208,107101.00000,0.12014,,0.53218,*,0.02805,*,,,
DC,1198,Delegate District (at Large),"Norton, Eleanor Holmes",D,109500.00000,0.20216,109378.00000,0.18241,,-0.00111,,-0.01975,*,,,
FL,1201,Congressional District 1,"Miller, Jeff",R,75436.00000,0.12536,105531.00000,0.15330,,0.39895,*,0.02794,*,,,
FL,1202,Congressional District 2,"Graham, Gwen",D,95838.00000,0.16758,132803.00000,0.20280,,0.38570,*,0.03522,*,,,
FL,1203,Congressional District 3,"Yoho, Ted S.",R,85721.00000,0.15966,129697.00000,0.19643,,0.51301,*,0.03678,*,,,
FL,1204,Congressional District 4,"Crenshaw, Ander",R,47831.00000,0.08203,88516.00000,0.12721,,0.85060,*,0.04519,*,,,
FL,1205,Congressional District 5,"Brown, Corrine",D,127274.00000,0.19842,183863.00000,0.26249,,0.44462,*,0.06407,*,,,
FL,1206,Congressional District 6,"DeSantis, Ron",R,62041.00000,0.11808,110388.00000,0.15962,,0.77927,*,0.04154,*,,,
FL,1207,Congressional District 7,"Mica, John L.",R,47494.00000,0.07937,92860.00000,0.13406,,0.95519,*,0.05470,*,,,
FL,1208,Congressional District 8,"Posey, Bill",R,56052.00000,0.09533,100668.00000,0.14345,,0.79598,*,0.04812,*,,,
FL,1209,Congressional District 9,"Grayson, Alan",D,47762.00000,0.10609,132001.00000,0.17924,,1.76372,*,0.07315,*,,,
FL,1210,Congressional District 10,"Webster, Daniel",R,47236.00000,0.09452,102531.00000,0.14332,,1.17061,*,0.04879,*,,,
FL,1211,Congressional District 11,"Nugent, Richard B.",R,60450.00000,0.11856,111034.00000,0.16144,,0.83679,*,0.04288,*,,,
FL,1212,Congressional District 12,"Bilirakis, Gus M.",R,48502.00000,0.08525,86209.00000,0.12341,,0.77743,*,0.03815,*,,,
FL,1213,Congressional District 13,"Jolly, David W.",R,64063.00000,0.09404,95998.00000,0.13799,,0.49849,*,0.04395,*,,,
FL,1214,Congressional District 14,"Castor, Kathy",D,100910.00000,0.16803,154857.00000,0.21860,,0.53461,*,0.05058,*,,,
FL,1215,Congressional District 15,"Ross, Dennis A.",R,57363.00000,0.10525,110913.00000,0.15944,,0.93353,*,0.05419,*,,,
FL,1216,Congressional District 16,"Buchanan, Vern",R,50445.00000,0.08811,93228.00000,0.13191,,0.84811,*,0.04380,*,,,
FL,1217,Congressional District 17,"Rooney, Thomas J.",R,71248.00000,0.12926,119494.00000,0.17257,,0.67716,*,0.04331,*,,,
FL,1218,Congressional District 18,"Murphy, Patrick",D,49341.00000,0.08913,92417.00000,0.13183,,0.87303,*,0.04270,*,,,
FL,1219,Congressional District 19,"Clawson, Curt",R,47457.00000,0.09111,105498.00000,0.14656,,1.22302,*,0.05545,*,,,
FL,1220,Congressional District 20,"Hastings, Alcee L.",D,124125.00000,0.18738,168343.00000,0.23570,,0.35624,*,0.04832,*,,,
FL,1221,Congressional District 21,"Deutch, Theodore E.",D,39594.00000,0.06864,78149.00000,0.10855,,0.97376,*,0.03991,*,,,
FL,1222,Congressional District 22,"Frankel, Lois",D,64611.00000,0.09970,104189.00000,0.14858,,0.61256,*,0.04888,*,,,
FL,1223,Congressional District 23,"Wasserman Schultz, Debbie",D,71954.00000,0.11778,96649.00000,0.13352,,0.34321,*,0.01574,*,,,
FL,1224,Congressional District 24,"Wilson, Frederica S.",D,150315.00000,0.24126,176431.00000,0.25345,,0.17374,*,0.01219,*,,,
FL,1225,Congressional District 25,"Diaz-Balart, Mario",R,76192.00000,0.13553,123087.00000,0.17308,,0.61548,*,0.03754,*,,,
FL,1226,Congressional District 26,"Curbelo, Carlos",R,72839.00000,0.12059,111728.00000,0.15815,,0.53390,*,0.03757,*,,,
FL,1227,Congressional District 27,"Ros-Lehtinen, Ileana",R,110535.00000,0.17905,152177.00000,0.20861,,0.37673,*,0.02956,*,,,
GA,1301,Congressional District 1,"Carter, Earl L. ""Buddy""",R,88908.00000,0.15527,127102.00000,0.18661,,0.42959,*,0.03134,*,,,
GA,1302,Congressional District 2,"Bishop, Sanford D., Jr.",D,143802.00000,0.21814,180047.00000,0.27592,,0.25205,*,0.05778,*,,,
GA,1303,Congressional District 3,"Westmoreland, Lynn A.",R,55409.00000,0.10217,109163.00000,0.15710,,0.97013,*,0.05493,*,,,
GA,1304,Congressional District 4,"Johnson, Henry C. ""Hank"", Jr.",D,47922.00000,0.08160,130951.00000,0.18777,,1.73259,*,0.10617,*,,,
GA,1305,Congressional District 5,"Lewis, John",D,137674.00000,0.21016,171406.00000,0.25491,,0.24501,*,0.04475,*,,,
GA,1306,Congressional District 6,"Price, Tom",R,34821.00000,0.05675,70127.00000,0.09827,,1.01393,*,0.04152,*,,,
GA,1307,Congressional District 7,"Woodall, Rob",R,27581.00000,0.05733,89257.00000,0.12209,,2.23618,*,0.06477,*,,,
GA,1308,Congressional District 8,"Scott, Austin",R,94430.00000,0.16041,148905.00000,0.21939,,0.57688,*,0.05897,*,,,
GA,1309,Congressional District 9,"Collins, Doug",R,66761.00000,0.12338,126946.00000,0.18472,,0.90150,*,0.06134,*,,,
GA,1310,Congressional District 10,"Hice, Jody B.",R,80142.00000,0.15650,131358.00000,0.19531,,0.63907,*,0.03881,*,,,
GA,1311,Congressional District 11,"Loudermilk, Barry",R,38952.00000,0.07065,89721.00000,0.12469,,1.30337,*,0.05404,*,,,
GA,1312,Congressional District 12,"Allen, Rick W.",R,114303.00000,0.19227,158668.00000,0.23722,,0.38814,*,0.04495,*,,,
GA,1313,Congressional District 13,"Scott, David",D,40261.00000,0.07912,126053.00000,0.18434,,2.13090,*,0.10522,*,,,
GA,1314,Congressional District 14,"Graves, Tom",R,62827.00000,0.11384,121684.00000,0.17798,,0.93681,*,0.06414,*,,,
HI,1501,Congressional District 1,"Takai, Mark",D,65454.00000,0.10006,62293.00000,0.09199,,-0.04829,*,-0.00807,*,,,
HI,1502,Congressional District 2,"Gabbard, Tulsi",D,60700.00000,0.11569,91459.00000,0.13485,,0.50674,*,0.01916,*,,,
ID,1601,Congressional District 1,"Labrador, Raul R.",R,66855.00000,0.11516,118856.00000,0.15078,,0.77782,*,0.03563,*,,,
ID,1602,Congressional District 2,"Simpson, Michael K.",R,81877.00000,0.11994,125762.00000,0.16121,,0.53599,*,0.04127,*,,,
IL,1701,Congressional District 1,"Rush, Bobby L.",D,115575.00000,0.15826,139680.00000,0.19881,,0.20857,*,0.04055,*,,,
IL,1702,Congressional District 2,"Kelly, Robin L.",D,101737.00000,0.14057,145433.00000,0.20807,,0.42950,*,0.06750,*,,,
IL,1703,Congressional District 3,"Lipinski, Daniel",D,49534.00000,0.07423,84174.00000,0.11751,,0.69932,*,0.04328,*,,,
IL,1704,Congressional District 4,"Gutierrez, Luis V.",D,132369.00000,0.17538,156581.00000,0.22149,,0.18291,*,0.04611,*,,,
IL,1705,Congressional District 5,"Quigley, Mike",D,59178.00000,0.08105,76998.00000,0.10653,,0.30113,*,0.02549,*,,,
IL,1706,Congressional District 6,"Roskam, Peter J.",R,19562.00000,0.02954,40279.00000,0.05774,,1.05904,*,0.02819,*,,,
IL,1707,Congressional District 7,"Davis, Danny K.",D,180839.00000,0.25445,182979.00000,0.26431,,0.01183,,0.00987,*,,,
IL,1708,Congressional District 8,"Duckworth, Tammy",D,36853.00000,0.05254,74387.00000,0.10281,,1.01848,*,0.05027,*,,,
IL,1709,Congressional District 9,"Schakowsky, Janice D.",D,67712.00000,0.09572,84511.00000,0.12146,,0.24809,*,0.02574,*,,,
IL,1710,Congressional District 10,"Dold, Robert J.",R,38595.00000,0.05831,69946.00000,0.09928,,0.81231,*,0.04098,*,,,
IL,1711,Congressional District 11,"Foster, Bill",D,34136.00000,0.06424,74899.00000,0.11182,,1.19414,*,0.04758,*,,,
IL,1712,Congressional District 12,"Bost, Mike",R,99784.00000,0.14857,126851.00000,0.18503,,0.27126,*,0.03646,*,,,
IL,1713,Congressional District 13,"Davis, Rodney",R,81819.00000,0.12648,123069.00000,0.18631,,0.50416,*,0.05982,*,,,
IL,1714,Congressional District 14,"Hultgren, Randy",R,18015.00000,0.03466,49476.00000,0.06674,,1.74638,*,0.03208,*,,,
IL,1715,Congressional District 15,"Shimkus, John",R,74533.00000,0.10842,102016.00000,0.14792,,0.36874,*,0.03950,*,,,
IL,1716,Congressional District 16,"Kinzinger, Adam",R,46963.00000,0.07412,83473.00000,0.12183,,0.77742,*,0.04771,*,,,
IL,1717,Congressional District 17,"Bustos, Cheri",D,86493.00000,0.12254,122365.00000,0.18057,,0.41474,*,0.05803,*,,,
IL,1718,Congressional District 18,"LaHood, Darin",R,48261.00000,0.07430,73353.00000,0.10553,,0.51992,*,0.03123,*,,,
IN,1801,Congressional District 1,"Visclosky, Peter J.",D,72346.00000,0.10641,118591.00000,0.16805,,0.63922,*,0.06164,*,,,
IN,1802,Congressional District 2,"Walorski, Jackie",R,58729.00000,0.08720,113073.00000,0.16330,,0.92534,*,0.07610,*,,,
IN,1803,Congressional District 3,"Stutzman, Marlin A.",R,53914.00000,0.07991,101516.00000,0.14220,,0.88292,*,0.06229,*,,,
IN,1804,Congressional District 4,"Rokita, Todd",R,54364.00000,0.08740,95556.00000,0.13626,,0.75771,*,0.04886,*,,,
IN,1805,Congressional District 5,"Brooks, Susan W.",R,36882.00000,0.06106,72697.00000,0.10136,,0.97107,*,0.04029,*,,,
IN,1806,Congressional District 6,"Messer, Luke",R,62992.00000,0.09322,107557.00000,0.15387,,0.70747,*,0.06065,*,,,
IN,1807,Congressional District 7,"Carson, Andre",D,87240.00000,0.13075,169379.00000,0.23590,,0.94153,*,0.10514,*,,,
IN,1808,Congressional District 8,"Bucshon, Larry",R,70095.00000,0.10450,99678.00000,0.14464,,0.42204,*,0.04014,*,,,
IN,1809,Congressional District 9,"Young, Todd C.",R,62922.00000,0.10042,105779.00000,0.14980,,0.68111,*,0.04938,*,,,
IA,1901,Congressional District 1,"Blum, Rod",R,62122.00000,0.08778,84151.00000,0.11391,,0.35461,*,0.02613,*,,,
IA,1902,Congressional District 2,"Loebsack, David",D,76632.00000,0.10724,106777.00000,0.14353,,0.39337,*,0.03629,*,,,
IA,1903,Congressional District 3,"Young, David",R,52746.00000,0.08047,88588.00000,0.11586,,0.67952,*,0.03538,*,,,
IA,1904,Congressional District 4,"King, Steve",R,66508.00000,0.08907,94351.00000,0.12909,,0.41864,*,0.04001,*,,,
KS,2001,Congressional District 1,"Huelskamp, Tim",R,80634.00000,0.11795,101863.00000,0.14761,,0.26328,*,0.02966,*,,,
KS,2002,Congressional District 2,"Jenkins, Lynn",R,73707.00000,0.11161,107694.00000,0.15758,,0.46111,*,0.04597,*,,,
KS,2003,Congressional District 3,"Yoder, Kevin",R,41438.00000,0.06805,74830.00000,0.10347,,0.80583,*,0.03543,*,,,
KS,2004,Congressional District 4,"Pompeo, Mike",R,62050.00000,0.09511,101675.00000,0.14466,,0.63860,*,0.04955,*,,,
KY,2101,Congressional District 1,"Whitfield, Ed",R,113301.00000,0.16613,137942.00000,0.19733,,0.21748,*,0.03121,*,,,
KY,2102,Congressional District 2,"Guthrie, Brett",R,82350.00000,0.13113,121115.00000,0.17037,,0.47073,*,0.03924,*,,,
KY,2103,Congressional District 3,"Yarmuth, John A.",D,83937.00000,0.12507,122536.00000,0.17056,,0.45986,*,0.04549,*,,,
KY,2104,Congressional District 4,"Massie, Thomas",R,63403.00000,0.10221,98990.00000,0.13863,,0.56128,*,0.03643,*,,,
KY,2105,Congressional District 5,"Rogers, Harold",R,193280.00000,0.27273,187885.00000,0.26997,,-0.02791,*,-0.00276,,,,
KY,2106,Congressional District 6,"Barr, Andy",R,84825.00000,0.13750,135398.00000,0.19073,,0.59620,*,0.05323,*,,,
LA,2201,Congressional District 1,"Scalise, Steve",R,92032.00000,0.12252,103812.00000,0.13623,,0.12800,*,0.01371,*,,,
LA,2202,Congressional District 2,"Richmond, Cedric L.",D,226598.00000,0.26438,196168.00000,0.26010,,-0.13429,*,-0.00428,,,,
LA,2203,Congressional District 3,"Boustany, Charles W., Jr.",R,130029.00000,0.18888,134926.00000,0.18043,,0.03766,*,-0.00845,*,,,
LA,2204,Congressional District 4,"Fleming, John",R,147834.00000,0.20884,152772.00000,0.20600,,0.03340,*,-0.00284,,,,
LA,2205,Congressional District 5,"Abraham, Ralph Lee",R,169908.00000,0.24250,175036.00000,0.24710,,0.03018,*,0.00461,,,,
LA,2206,Congressional District 6,"Graves, Garret",R,84712.00000,0.13470,111924.00000,0.14789,,0.32123,*,0.01319,*,,,
ME,2301,Congressional District 1,"Pingree, Chellie",D,53901.00000,0.08721,75756.00000,0.11639,,0.40547,*,0.02918,*,,,
ME,2302,Congressional District 2,"Poliquin, Bruce",R,81600.00000,0.13101,104122.00000,0.16208,,0.27600,*,0.03107,*,,,
MD,2401,Congressional District 1,"Harris, Andy",R,47432.00000,0.07591,70832.00000,0.09980,,0.49334,*,0.02389,*,,,
MD,2402,Congressional District 2,"Ruppersberger, C. A. Dutch",D,60739.00000,0.09347,86918.00000,0.12184,,0.43101,*,0.02837,*,,,
MD,2403,Congressional District 3,"Sarbanes, John P.",D,51566.00000,0.07858,62403.00000,0.08670,,0.21016,*,0.00812,*,,,
MD,2404,Congressional District 4,"Edwards, Donna F.",D,50498.00000,0.07496,66090.00000,0.09072,,0.30876,*,0.01576,*,,,
MD,2405,Congressional District 5,"Hoyer, Steny H.",D,32244.00000,0.05425,51736.00000,0.07197,,0.60452,*,0.01772,*,,,
MD,2406,Congressional District 6,"Delaney, John K.",D,44781.00000,0.07332,66983.00000,0.09235,,0.49579,*,0.01903,*,,,
MD,2407,Congressional District 7,"Cummings, Elijah E.",D,115631.00000,0.16599,120784.00000,0.17311,,0.04456,*,0.00712,*,,,
MD,2408,Congressional District 8,"Van Hollen, Chris",D,35785.00000,0.05437,47637.00000,0.06500,,0.33120,*,0.01063,*,,,
MA,2501,Congressional District 1,"Neal, Richard E.",D,86409.00000,0.12414,107730.00000,0.15220,,0.24675,*,0.02806,*,,,
MA,2502,Congressional District 2,"McGovern, James P.",D,64096.00000,0.09918,85645.00000,0.12411,,0.33620,*,0.02494,*,,,
MA,2503,Congressional District 3,"Tsongas, Niki",D,65048.00000,0.09598,86062.00000,0.11929,,0.32305,*,0.02331,*,,,
MA,2504,Congressional District 4,"Kennedy, Joseph P., III",D,36521.00000,0.05312,50824.00000,0.07080,,0.39164,*,0.01768,*,,,
MA,2505,Congressional District 5,"Clark, Katherine M.",D,44463.00000,0.06407,60644.00000,0.08481,,0.36392,*,0.02074,*,,,
MA,2506,Congressional District 6,"Moulton, Seth",D,42139.00000,0.06048,57209.00000,0.07854,,0.35763,*,0.01806,*,,,
MA,2507,Congressional District 7,"Capuano, Michael E.",D,124121.00000,0.18456,151774.00000,0.21370,,0.22279,*,0.02914,*,,,
MA,2508,Congressional District 8,"Lynch, Stephen F.",D,49124.00000,0.07325,65206.00000,0.09062,,0.32738,*,0.01737,*,,,
MA,2509,Congressional District 9,"Keating, William R.",D,61500.00000,0.08823,77690.00000,0.10876,,0.26325,*,0.02053,*,,,
MI,2601,Congressional District 1,"Benishek, Dan",R,68189.00000,0.10092,104293.00000,0.15441,,0.52947,*,0.05349,*,,,
MI,2602,Congressional District 2,"Huizenga, Bill",R,55515.00000,0.08470,106803.00000,0.15392,,0.92386,*,0.06921,*,,,
MI,2603,Congressional District 3,"Amash, Justin",R,63189.00000,0.09609,108538.00000,0.15635,,0.71767,*,0.06026,*,,,
MI,2604,Congressional District 4,"Moolenaar, John R.",R,70497.00000,0.10703,122302.00000,0.17916,,0.73485,*,0.07213,*,,,
MI,2605,Congressional District 5,"Kildee, Daniel T.",D,97332.00000,0.13408,141748.00000,0.20712,,0.45634,*,0.07304,*,,,
MI,2606,Congressional District 6,"Upton, Fred",R,75103.00000,0.11139,120797.00000,0.17417,,0.60842,*,0.06277,*,,,
MI,2607,Congressional District 7,"Walberg, Tim",R,46208.00000,0.07037,90241.00000,0.13227,,0.95293,*,0.06191,*,,,
MI,2608,Congressional District 8,"Bishop, Mike",R,52376.00000,0.08133,86921.00000,0.12520,,0.65956,*,0.04386,*,,,
MI,2609,Congressional District 9,"Levin, Sander M.",D,44390.00000,0.06131,101789.00000,0.14344,,1.29306,*,0.08214,*,,,
MI,2610,Congressional District 10,"Miller, Candice S.",R,40375.00000,0.06336,79945.00000,0.11514,,0.98006,*,0.05178,*,,,
MI,2611,Congressional District 11,"Trott, David A.",R,23377.00000,0.03552,50494.00000,0.07156,,1.15999,*,0.03605,*,,,
MI,2612,Congressional District 12,"Dingell, Debbie",D,69757.00000,0.10466,119843.00000,0.17572,,0.71801,*,0.07106,*,,,
MI,2613,Congressional District 13,"Conyers, John, Jr.",D,177082.00000,0.20851,222466.00000,0.32347,,0.25629,*,0.11496,*,,,
MI,2614,Congressional District 14,"Lawrence, Brenda L.",D,138215.00000,0.16914,177136.00000,0.25763,,0.28160,*,0.08849,*,,,
MN,2701,Congressional District 1,"Walz, Timothy J.",D,50892.00000,0.08438,75909.00000,0.11799,,0.49157,*,0.03361,*,,,
MN,2702,Congressional District 2,"Kline, John",R,21526.00000,0.03850,49937.00000,0.07523,,1.31985,*,0.03673,*,,,
MN,2703,Congressional District 3,"Paulsen, Erik",R,20384.00000,0.03330,45125.00000,0.06663,,1.21375,*,0.03333,*,,,
MN,2704,Congressional District 4,"McCollum, Betty",D,56437.00000,0.08993,93466.00000,0.14064,,0.65611,*,0.05071,*,,,
MN,2705,Congressional District 5,"Ellison, Keith",D,78107.00000,0.12195,120578.00000,0.18248,,0.54375,*,0.06053,*,,,
MN,2706,Congressional District 6,"Emmer, Tom",R,26234.00000,0.05023,53635.00000,0.08070,,1.04448,*,0.03046,*,,,
MN,2707,Congressional District 7,"Peterson, Collin C.",D,64286.00000,0.10234,79144.00000,0.12383,,0.23112,*,0.02149,*,,,
MN,2708,Congressional District 8,"Nolan, Richard M.",D,62610.00000,0.10412,87967.00000,0.13599,,0.40500,*,0.03187,*,,,
MS,2801,Congressional District 1,"Kelly, Trent",R,102554.00000,0.15929,140501.00000,0.19324,,0.37002,*,0.03395,*,,,
MS,2802,Congressional District 2,"Thompson, Bennie G.",D,199821.00000,0.26712,209686.00000,0.30158,,0.04937,*,0.03446,*,,,
MS,2803,Congressional District 3,"Harper, Gregg",R,133115.00000,0.19390,153107.00000,0.20841,,0.15019,*,0.01451,*,,,
MS,2804,Congressional District 4,"Palazzo, Steven M.",R,112589.00000,0.16747,150432.00000,0.20601,,0.33612,*,0.03854,*,,,
MO,2901,Congressional District 1,"Clay, Wm. Lacy",D,131618.00000,0.16836,157340.00000,0.21604,,0.19543,*,0.04768,*,,,
MO,2902,Congressional District 2,"Wagner, Ann",R,25343.00000,0.03591,44886.00000,0.06065,,0.77114,*,0.02474,*,,,
MO,2903,Congressional District 3,"Luetkemeyer, Blaine",R,46092.00000,0.07419,85406.00000,0.11514,,0.85295,*,0.04095,*,,,
MO,2904,Congressional District 4,"Hartzler, Vicky",R,83757.00000,0.13042,126663.00000,0.17526,,0.51227,*,0.04484,*,,,
MO,2905,Congressional District 5,"Cleaver, Emanuel",D,86564.00000,0.11942,132478.00000,0.17999,,0.53041,*,0.06057,*,,,
MO,2906,Congressional District 6,"Graves, Sam",R,65269.00000,0.10036,90846.00000,0.12503,,0.39187,*,0.02468,*,,,
MO,2907,Congressional District 7,"Long, Billy",R,81559.00000,0.13107,130316.00000,0.17750,,0.59781,*,0.04643,*,,,
MO,2908,Congressional District 8,"Smith, Jason",R,117689.00000,0.17184,144356.00000,0.20120,,0.22659,*,0.02935,*,,,
MT,3000,Congressional District (at Large),"Zinke, Ryan K.",R,128355.00000,0.14606,150096.00000,0.15289,,0.16938,*,0.00683,*,,,
NE,3101,Congressional District 1,"Fortenberry, Jeff",R,47004.00000,0.08579,75616.00000,0.12667,,0.60871,*,0.04088,*,,,
NE,3102,Congressional District 2,"Ashford, Brad",D,46421.00000,0.09073,80657.00000,0.13079,,0.73751,*,0.04006,*,,,
NE,3103,Congressional District 3,"Smith, Adrian",R,67844.00000,0.11288,75489.00000,0.12833,,0.11268,*,0.01544,*,,,
NV,3201,Congressional District 1,"Titus, Dina",D,84056.00000,0.13314,143952.00000,0.21914,,0.71257,*,0.08600,*,,,
NV,3202,Congressional District 2,"Amodei, Mark E.",R,52657.00000,0.09594,99744.00000,0.14828,,0.89422,*,0.05235,*,,,
NV,3203,Congressional District 3,"Heck, Joseph J.",R,18608.00000,0.05445,68555.00000,0.09677,,2.68417,*,0.04233,*,,,
NV,3204,Congressional District 4,"Hardy, Cresent",R,50364.00000,0.11421,111327.00000,0.16260,,1.21045,*,0.04838,*,,,
NH,3301,Congressional District 1,"Guinta, Frank C.",R,40442.00000,0.06691,56517.00000,0.08737,,0.39748,*,0.02046,*,,,
NH,3302,Congressional District 2,"Kuster, Ann M.",D,38088.00000,0.06403,56857.00000,0.08968,,0.49278,*,0.02565,*,,,
NJ,3401,Congressional District 1,"Payne, Donald M., Jr.",D,65047.00000,0.09329,85731.00000,0.11873,,0.31799,*,0.02544,*,,,
NJ,3402,Congressional District 2,"Frelinghuysen, Rodney P.",R,66792.00000,0.10139,94754.00000,0.13345,,0.41864,*,0.03206,*,,,
NJ,3403,Congressional District 3,"Watson Coleman, Bonnie",D,34061.00000,0.05040,44419.00000,0.06181,,0.30410,*,0.01141,*,,,
NJ,3404,Congressional District 4,"Norcross, Donald",D,39645.00000,0.06074,71274.00000,0.09802,,0.79781,*,0.03728,*,,,
NJ,3405,Congressional District 5,"LoBiondo, Frank A.",R,27470.00000,0.03841,43396.00000,0.05917,,0.57976,*,0.02076,*,,,
NJ,3406,Congressional District 6,"MacArthur, Thomas",R,57807.00000,0.08390,73597.00000,0.10222,,0.27315,*,0.01832,*,,,
NJ,3407,Congressional District 7,"Smith, Christopher H.",R,23612.00000,0.03443,34835.00000,0.04795,,0.47531,*,0.01352,*,,,
NJ,3408,Congressional District 8,"Garrett, Scott",R,114687.00000,0.16738,136303.00000,0.18285,,0.18848,*,0.01547,*,,,
NJ,3409,Congressional District 9,"Pallone, Frank, Jr.",D,78979.00000,0.11247,112042.00000,0.15251,,0.41863,*,0.04004,*,,,
NJ,3410,Congressional District 10,"Lance, Leonard",R,122016.00000,0.16698,140495.00000,0.19539,,0.15145,*,0.02841,*,,,
NJ,3411,Congressional District 11,"Sires, Albio",D,22614.00000,0.03285,31089.00000,0.04301,,0.37477,*,0.01016,*,,,
NJ,3412,Congressional District 12,"Pascrell, Bill, Jr.",D,46938.00000,0.07202,66730.00000,0.09270,,0.42166,*,0.02068,*,,,
NM,3501,Congressional District 1,"Lujan Grisham, Michelle",D,82216.00000,0.14110,133497.00000,0.19162,,0.62374,*,0.05052,*,,,
NM,3502,Congressional District 2,"Pearce, Stevan",R,135110.00000,0.22101,155850.00000,0.22993,,0.15350,*,0.00892,*,,,
NM,3503,Congressional District 3,"Lujan, Ben Ray",D,111607.00000,0.18919,136769.00000,0.20564,,0.22545,*,0.01644,*,,,
NY,3601,Congressional District 1,"Zeldin, Lee M.",R,39038.00000,0.05969,50437.00000,0.07173,,0.29200,*,0.01204,*,,,
NY,3602,Congressional District 2,"King, Peter T.",R,39346.00000,0.05639,41954.00000,0.05850,,0.06628,*,0.00211,,,,
NY,3603,Congressional District 3,"Israel, Steve",D,32214.00000,0.04631,39900.00000,0.05597,,0.23859,*,0.00966,*,,,
NY,3604,Congressional District 4,"Rice, Kathleen M.",D,42724.00000,0.06129,53569.00000,0.07646,,0.25384,*,0.01518,*,,,
NY,3605,Congressional District 5,"Meeks, Gregory W.",D,97514.00000,0.13732,106121.00000,0.14026,,0.08826,*,0.00294,,,,
NY,3606,Congressional District 6,"Meng, Grace",D,82896.00000,0.12101,97007.00000,0.13856,,0.17023,*,0.01755,*,,,
NY,3607,Congressional District 7,"Velazquez, Nydia M.",D,199607.00000,0.29496,196816.00000,0.27045,,-0.01398,,-0.02451,*,,,
NY,3608,Congressional District 8,"Jeffries, Hakeem S.",D,184922.00000,0.26838,177807.00000,0.24448,,-0.03848,*,-0.02390,*,,,
NY,3609,Congressional District 9,"Clarke, Yvette D.",D,159732.00000,0.21592,145563.00000,0.19946,,-0.08870,*,-0.01646,*,,,
NY,3610,Congressional District 10,"Nadler, Jerrold",D,109799.00000,0.16817,120069.00000,0.16697,,0.09353,*,-0.00120,,,,
NY,3611,Congressional District 11,"Donovan, Daniel M., Jr.",R,85250.00000,0.12612,100974.00000,0.14090,,0.18445,*,0.01478,*,,,
NY,3612,Congressional District 12,"Maloney, Carolyn B.",D,86327.00000,0.12828,80924.00000,0.11717,,-0.06259,*,-0.01112,*,,,
NY,3613,Congressional District 13,"Rangel, Charles B.",D,236266.00000,0.32861,215131.00000,0.28994,,-0.08945,*,-0.03867,*,,,
NY,3614,Congressional District 14,"Crowley, Joseph",D,121457.00000,0.17100,131758.00000,0.18312,,0.08481,*,0.01212,*,,,
NY,3615,Congressional District 15,"Serrano, Jose E.",D,268848.00000,0.40939,283864.00000,0.39662,,0.05585,*,-0.01277,*,,,
NY,3616,Congressional District 16,"Engel, Eliot L.",D,86708.00000,0.12464,94479.00000,0.13112,,0.08962,*,0.00648,*,,,
NY,3617,Congressional District 17,"Lowey, Nita M.",D,52169.00000,0.07947,75730.00000,0.10663,,0.45163,*,0.02717,*,,,
NY,3618,Congressional District 18,"Maloney, Sean Patrick",D,53454.00000,0.08412,70629.00000,0.10224,,0.32130,*,0.01813,*,,,
NY,3619,Congressional District 19,"Gibson, Christopher P.",R,71629.00000,0.10731,81573.00000,0.11954,,0.13883,*,0.01222,*,,,
NY,3620,Congressional District 20,"Tonko, Paul",D,65744.00000,0.10005,88843.00000,0.12827,,0.35135,*,0.02821,*,,,
NY,3621,Congressional District 21,"Stefanik, Elise M.",R,80950.00000,0.12350,97969.00000,0.14378,,0.21024,*,0.02028,*,,,
NY,3622,Congressional District 22,"Hanna, Richard L.",R,86118.00000,0.12717,107898.00000,0.15949,,0.25291,*,0.03232,*,,,
NY,3623,Congressional District 23,"Reed, Tom",R,92280.00000,0.13455,113340.00000,0.16769,,0.22822,*,0.03314,*,,,
NY,3624,Congressional District 24,"Katko, John",R,81552.00000,0.11877,102993.00000,0.14976,,0.26291,*,0.03099,*,,,
NY,3625,Congressional District 25,"Slaughter, Louise McIntosh",D,78296.00000,0.11428,110013.00000,0.15788,,0.40509,*,0.04360,*,,,
NY,3626,Congressional District 26,"Higgins, Brian",D,112686.00000,0.15180,129936.00000,0.18668,,0.15308,*,0.03489,*,,,
NY,3627,Congressional District 27,"Collins, Chris",R,44676.00000,0.06646,63224.00000,0.09125,,0.41517,*,0.02479,*,,,
NC,3701,Congressional District 1,"Butterfield, G. K.",D,132636.00000,0.20454,180318.00000,0.26097,,0.35950,*,0.05643,*,,,
NC,3702,Congressional District 2,"Ellmers, Renee L.",R,62143.00000,0.10600,112817.00000,0.15245,,0.81544,*,0.04646,*,,,
NC,3703,Congressional District 3,"Jones, Walter B.",R,90768.00000,0.14669,126850.00000,0.17379,,0.39752,*,0.02710,*,,,
NC,3704,Congressional District 4,"Price, David E.",D,73433.00000,0.12979,131942.00000,0.18226,,0.79677,*,0.05246,*,,,
NC,3705,Congressional District 5,"Foxx, Virginia",R,63830.00000,0.09987,133849.00000,0.18382,,1.09696,*,0.08395,*,,,
NC,3706,Congressional District 6,"Walker, Mark",R,59484.00000,0.09106,109069.00000,0.14641,,0.83359,*,0.05534,*,,,
NC,3707,Congressional District 7,"Rouzer, David",R,83313.00000,0.14640,136059.00000,0.18424,,0.63311,*,0.03784,*,,,
NC,3708,Congressional District 8,"Hudson, Richard",R,85130.00000,0.13302,146922.00000,0.20159,,0.72585,*,0.06857,*,,,
NC,3709,Congressional District 9,"Pittenger, Robert",R,23824.00000,0.04867,61835.00000,0.08107,,1.59549,*,0.03240,*,,,
NC,3710,Congressional District 10,"McHenry, Patrick T.",R,73609.00000,0.11274,126270.00000,0.17396,,0.71542,*,0.06122,*,,,
NC,3711,Congressional District 11,"Meadows, Mark",R,74821.00000,0.11653,132044.00000,0.18382,,0.76480,*,0.06729,*,,,
NC,3712,Congressional District 12,"Adams, Alma S.",D,95345.00000,0.16254,190161.00000,0.26436,,0.99445,*,0.10183,*,,,
NC,3713,Congressional District 13,"Holding, George",R,40331.00000,0.07854,81011.00000,0.10868,,1.00865,*,0.03014,*,,,
ND,3800,Congressional District (at Large),"Cramer, Kevin",R,73457.00000,0.11863,80865.00000,0.11893,,0.10085,*,0.00030,,,,
OH,3901,Congressional District 1,"Chabot, Steve",R,83536.00000,0.12256,121427.00000,0.17051,,0.45359,*,0.04795,*,,,
OH,3902,Congressional District 2,"Wenstrup, Brad R.",R,66913.00000,0.09689,105129.00000,0.14924,,0.57113,*,0.05235,*,,,
OH,3903,Congressional District 3,"Beatty, Joyce",D,98841.00000,0.15151,169748.00000,0.23778,,0.71738,*,0.08627,*,,,
OH,3904,Congressional District 4,"Jordan, Jim",R,60160.00000,0.08663,101893.00000,0.14671,,0.69370,*,0.06008,*,,,
OH,3905,Congressional District 5,"Latta, Robert E.",R,48228.00000,0.06977,90222.00000,0.12768,,0.87074,*,0.05791,*,,,
OH,3906,Congressional District 6,"Johnson, Bill",R,96519.00000,0.13751,116155.00000,0.16875,,0.20344,*,0.03124,*,,,
OH,3907,Congressional District 7,"Gibbs, Bob",R,60336.00000,0.09033,98687.00000,0.14052,,0.63562,*,0.05019,*,,,
OH,3908,Congressional District 8,"Boehner, John A.",R,57022.00000,0.08490,101201.00000,0.14340,,0.77477,*,0.05851,*,,,
OH,3909,Congressional District 9,"Kaptur, Marcy",D,99385.00000,0.13309,150315.00000,0.21573,,0.51245,*,0.08264,*,,,
OH,3910,Congressional District 10,"Turner, Michael R.",R,75865.00000,0.10735,122366.00000,0.17595,,0.61294,*,0.06860,*,,,
OH,3911,Congressional District 11,"Fudge, Marcia L.",D,159185.00000,0.19634,185349.00000,0.26747,,0.16436,*,0.07113,*,,,
OH,3912,Congressional District 12,"Tiberi, Patrick J.",R,47811.00000,0.07924,78155.00000,0.10865,,0.63467,*,0.02940,*,,,
OH,3913,Congressional District 13,"Ryan, Tim",D,89578.00000,0.12137,132414.00000,0.19305,,0.47820,*,0.07168,*,,,
OH,3914,Congressional District 14,"Joyce, David P.",R,37968.00000,0.05495,64157.00000,0.09034,,0.68977,*,0.03539,*,,,
OH,3915,Congressional District 15,"Stivers, Steve",R,58274.00000,0.09375,96685.00000,0.13747,,0.65914,*,0.04372,*,,,
OH,3916,Congressional District 16,"Renacci, James B.",R,31077.00000,0.04590,56661.00000,0.07962,,0.82325,*,0.03372,*,,,
OK,4001,Congressional District 1,"Bridenstine, Jim",R,75918.00000,0.11310,112631.00000,0.15022,,0.48359,*,0.03712,*,,,
OK,4002,Congressional District 2,"Mullin, Markwayne",R,126017.00000,0.18413,148777.00000,0.20455,,0.18061,*,0.02042,*,,,
OK,4003,Congressional District 3,"Lucas, Frank D.",R,99277.00000,0.14799,110543.00000,0.15105,,0.11348,*,0.00306,,,,
OK,4004,Congressional District 4,"Cole, Tom",R,84197.00000,0.13154,109425.00000,0.14801,,0.29963,*,0.01647,*,,,
OK,4005,Congressional District 5,"Russell, Steve",R,105826.00000,0.15803,144132.00000,0.19071,,0.36197,*,0.03268,*,,,
OR,4101,Congressional District 1,"Bonamici, Suzanne",D,53213.00000,0.08263,98542.00000,0.12662,,0.85184,*,0.04399,*,,,
OR,4102,Congressional District 2,"Walden, Greg",R,86679.00000,0.13043,134972.00000,0.17788,,0.55715,*,0.04746,*,,,
OR,4103,Congressional District 3,"Blumenauer, Earl",D,79664.00000,0.12045,137263.00000,0.17844,,0.72302,*,0.05799,*,,,
OR,4104,Congressional District 4,"DeFazio, Peter A.",D,96924.00000,0.13989,152823.00000,0.20230,,0.57673,*,0.06241,*,,,
OR,4105,Congressional District 5,"Schrader, Kurt",D,72260.00000,0.10551,115216.00000,0.15117,,0.59446,*,0.04566,*,,,
PA,4201,Congressional District 1,"Brady, Robert A.",D,146381.00000,0.21959,175305.00000,0.25453,,0.19759,*,0.03494,*,,,
PA,4202,Congressional District 2,"Fattah, Chaka",D,171819.00000,0.24655,193803.00000,0.28420,,0.12795,*,0.03765,*,,,
PA,4203,Congressional District 3,"Kelly, Mike",R,80885.00000,0.11732,96703.00000,0.14157,,0.19556,*,0.02424,*,,,
PA,4204,Congressional District 4,"Perry, Scott",R,45572.00000,0.07487,75370.00000,0.10931,,0.65387,*,0.03444,*,,,
PA,4205,Congressional District 5,"Thompson, Glenn",R,84258.00000,0.12984,103229.00000,0.15874,,0.22515,*,0.02890,*,,,
PA,4206,Congressional District 6,"Costello, Ryan A.",R,29292.00000,0.04728,49941.00000,0.07057,,0.70494,*,0.02329,*,,,
PA,4207,Congressional District 7,"Meehan, Patrick",R,30839.00000,0.04820,42086.00000,0.06029,,0.36470,*,0.01208,*,,,
PA,4208,Congressional District 8,"Fitzpatrick, Michael G.",R,29200.00000,0.04400,40018.00000,0.05713,,0.37048,*,0.01312,*,,,
PA,4209,Congressional District 9,"Shuster, Bill",R,91031.00000,0.13420,101793.00000,0.15098,,0.11822,*,0.01679,*,,,
PA,4210,Congressional District 10,"Marino, Tom",R,67473.00000,0.10428,87197.00000,0.12759,,0.29232,*,0.02331,*,,,
PA,4211,Congressional District 11,"Barletta, Lou",R,64412.00000,0.09949,85680.00000,0.12635,,0.33019,*,0.02686,*,,,
PA,4212,Congressional District 12,"Rothfus, Keith J.",R,58886.00000,0.08280,66462.00000,0.09558,,0.12866,*,0.01277,*,,,
PA,4213,Congressional District 13,"Boyle, Brendan F.",D,61329.00000,0.09203,94510.00000,0.13470,,0.54103,*,0.04267,*,,,
PA,4214,Congressional District 14,"Doyle, Michael F.",D,116810.00000,0.15602,127280.00000,0.18806,,0.08963,*,0.03204,*,,,
PA,4215,Congressional District 15,"Dent, Charles W.",R,51183.00000,0.08250,80903.00000,0.11623,,0.58066,*,0.03372,*,,,
PA,4216,Congressional District 16,"Pitts, Joseph R.",R,60420.00000,0.10049,98245.00000,0.14476,,0.62603,*,0.04427,*,,,
PA,4217,Congressional District 17,"Cartwright, Matt",D,64814.00000,0.10060,92265.00000,0.13750,,0.42354,*,0.03691,*,,,
PA,4218,Congressional District 18,"Murphy, Tim",R,49513.00000,0.07265,57068.00000,0.08257,,0.15259,*,0.00992,*,,,
RI,4401,Congressional District 1,"Cicilline, David N.",D,68661.00000,0.13392,80792.00000,0.15937,,0.17668,*,0.02545,*,,,
RI,4402,Congressional District 2,"Langevin, James R.",D,51887.00000,0.10434,63204.00000,0.12494,,0.21811,*,0.02060,*,,,
SC,4501,Congressional District 1,"Sanford, Mark",R,48674.00000,0.10019,86007.00000,0.12500,,0.76700,*,0.02481,*,,,
SC,4502,Congressional District 2,"Wilson, Joe",R,57166.00000,0.10564,95993.00000,0.14442,,0.67920,*,0.03878,*,,,
SC,4503,Congressional District 3,"Duncan, Jeff",R,75779.00000,0.12837,121909.00000,0.18973,,0.60874,*,0.06136,*,,,
SC,4504,Congressional District 4,"Gowdy, Trey",R,62928.00000,0.11422,110663.00000,0.16789,,0.75857,*,0.05367,*,,,
SC,4505,Congressional District 5,"Mulvaney, Mick",R,72783.00000,0.13152,119469.00000,0.18110,,0.64144,*,0.04959,*,,,
SC,4506,Congressional District 6,"Clyburn, James E.",D,138546.00000,0.22845,161618.00000,0.26313,,0.16653,*,0.03468,*,,,
SC,4507,Congressional District 7,"Rice, Tom",R,91993.00000,0.16568,144482.00000,0.21941,,0.57058,*,0.05373,*,,,
SD,4600,Congressional District (at Large),"Noem, Kristi L.",R,95900.00000,0.13183,114444.00000,0.14205,,0.19337,*,0.01021,*,,,
TN,4701,Congressional District 1,"Roe, David P.",R,92820.00000,0.14645,135223.00000,0.19499,,0.45683,*,0.04854,*,,,
TN,4702,Congressional District 2,"Duncan, John J., Jr.",R,76584.00000,0.12786,110661.00000,0.15914,,0.44496,*,0.03128,*,,,
TN,4703,Congressional District 3,"Fleischmann, Charles J. ""Chuck""",R,88070.00000,0.13736,123056.00000,0.17584,,0.39725,*,0.03849,*,,,
TN,4704,Congressional District 4,"DesJarlais, Scott",R,71625.00000,0.12570,120050.00000,0.16947,,0.67609,*,0.04376,*,,,
TN,4705,Congressional District 5,"Cooper, Jim",D,77630.00000,0.12514,130014.00000,0.18419,,0.67479,*,0.05905,*,,,
TN,4706,Congressional District 6,"Black, Diane",R,69968.00000,0.11963,111351.00000,0.15778,,0.59146,*,0.03815,*,,,
TN,4707,Congressional District 7,"Blackburn, Marsha",R,65330.00000,0.11369,108340.00000,0.15476,,0.65835,*,0.04107,*,,,
TN,4708,Congressional District 8,"Fincher, Stephen Lee",R,70913.00000,0.11630,97135.00000,0.14231,,0.36978,*,0.02602,*,,,
TN,4709,Congressional District 9,"Cohen, Steve",D,133849.00000,0.18943,185514.00000,0.26529,,0.38599,*,0.07586,*,,,
TX,4801,Congressional District 1,"Gohmert, Louie",R,96193.00000,0.15892,126025.00000,0.18507,,0.31013,*,0.02616,*,,,
TX,4802,Congressional District 2,"Poe, Ted",R,54060.00000,0.09649,85940.00000,0.11563,,0.58972,*,0.01914,*,,,
TX,4803,Congressional District 3,"Johnson, Sam",R,21007.00000,0.04781,57599.00000,0.07851,,1.74190,*,0.03070,*,,,
TX,4804,Congressional District 4,"Ratcliffe, John",R,83832.00000,0.14063,114084.00000,0.16538,,0.36086,*,0.02475,*,,,
TX,4805,Congressional District 5,"Hensarling, Jeb",R,75280.00000,0.12320,128013.00000,0.18503,,0.70049,*,0.06183,*,,,
TX,4806,Congressional District 6,"Barton, Joe",R,45084.00000,0.08373,96700.00000,0.13492,,1.14489,*,0.05119,*,,,
TX,4807,Congressional District 7,"Culberson, John Abney",R,47855.00000,0.09015,90518.00000,0.12970,,0.89151,*,0.03955,*,,,
TX,4808,Congressional District 8,"Brady, Kevin",R,53598.00000,0.11813,97796.00000,0.13923,,0.82462,*,0.02110,*,,,
TX,4809,Congressional District 9,"Green, Al",D,100862.00000,0.16362,167185.00000,0.22560,,0.65756,*,0.06198,*,,,
TX,4810,Congressional District 10,"McCaul, Michael T.",R,48938.00000,0.09808,93851.00000,0.12958,,0.91775,*,0.03150,*,,,
TX,4811,Congressional District 11,"Conaway, K. Michael",R,97028.00000,0.15657,105409.00000,0.15078,,0.08638,*,-0.00579,*,,,
TX,4812,Congressional District 12,"Granger, Kay",R,49927.00000,0.09725,90051.00000,0.12829,,0.80365,*,0.03104,*,,,
TX,4813,Congressional District 13,"Thornberry, Mac",R,87119.00000,0.13718,107430.00000,0.16061,,0.23314,*,0.02342,*,,,
TX,4814,Congressional District 14,"Weber, Randy K., Sr.",R,89986.00000,0.14572,110012.00000,0.16395,,0.22255,*,0.01823,*,,,
TX,4815,Congressional District 15,"Hinojosa, Ruben",D,159212.00000,0.31218,217313.00000,0.30685,,0.36493,*,-0.00533,,,,
TX,4816,Congressional District 16,"O'Rourke, Beto",D,130931.00000,0.22385,153062.00000,0.21654,,0.16903,*,-0.00731,*,,,
TX,4817,Congressional District 17,"Flores, Bill",R,98197.00000,0.17662,144538.00000,0.20613,,0.47192,*,0.02950,*,,,
TX,4818,Congressional District 18,"Jackson Lee, Sheila",D,127617.00000,0.21830,173352.00000,0.25184,,0.35838,*,0.03354,*,,,
TX,4819,Congressional District 19,"Neugebauer, Randy",R,110591.00000,0.17773,124728.00000,0.18708,,0.12783,*,0.00936,*,,,
TX,4820,Congressional District 20,"Castro, Joaquin",D,98067.00000,0.17565,139434.00000,0.19451,,0.42182,*,0.01886,*,,,
TX,4821,Congressional District 21,"Smith, Lamar",R,59785.00000,0.10807,94443.00000,0.13276,,0.57971,*,0.02470,*,,,
TX,4822,Congressional District 22,"Olson, Pete",R,26574.00000,0.06648,58544.00000,0.07907,,1.20306,*,0.01258,*,,,
TX,4823,Congressional District 23,"Hurd, Will",R,127244.00000,0.22971,145179.00000,0.20365,,0.14095,*,-0.02606,*,,,
TX,4824,Congressional District 24,"Marchant, Kenny",R,36717.00000,0.06033,77988.00000,0.10734,,1.12403,*,0.04701,*,,,
TX,4825,Congressional District 25,"Williams, Roger",R,55179.00000,0.10380,90550.00000,0.13061,,0.64102,*,0.02681,*,,,
TX,4826,Congressional District 26,"Burgess, Michael C.",R,26159.00000,0.06235,59413.00000,0.07974,,1.27123,*,0.01739,*,,,
TX,4827,Congressional District 27,"Farenthold, Blake",R,106954.00000,0.16557,122672.00000,0.17537,,0.14696,*,0.00981,*,,,
TX,4828,Congressional District 28,"Cuellar, Henry",D,141701.00000,0.26746,183691.00000,0.26074,,0.29633,*,-0.00672,,,,
TX,4829,Congressional District 29,"Green, Gene",D,142890.00000,0.21725,195768.00000,0.26842,,0.37006,*,0.05117,*,,,
TX,4830,Congressional District 30,"Johnson, Eddie Bernice",D,104144.00000,0.18238,166459.00000,0.24304,,0.59835,*,0.06066,*,,,
TX,4831,Congressional District 31,"Carter, John R.",R,37817.00000,0.08205,75403.00000,0.10412,,0.99389,*,0.02207,*,,,
TX,4832,Congressional District 32,"Sessions, Pete",R,61947.00000,0.09455,97095.00000,0.13289,,0.56739,*,0.03833,*,,,
TX,4833,Congressional District 33,"Veasey, Marc A.",D,141570.00000,0.20765,206654.00000,0.28707,,0.45973,*,0.07942,*,,,
TX,4834,Congressional District 34,"Vela, Filemon",D,184204.00000,0.31506,220799.00000,0.31762,,0.19867,*,0.00255,,,,
TX,4835,Congressional District 35,"Doggett, Lloyd",D,113975.00000,0.20412,179462.00000,0.24990,,0.57457,*,0.04578,*,,,
TX,4836,Congressional District 36,"Babin, Brian",R,75365.00000,0.12097,102874.00000,0.14864,,0.36501,*,0.02766,*,,,
UT,4901,Congressional District 1,"Bishop, Rob",R,50301.00000,0.09107,79167.00000,0.11290,,0.57387,*,0.02183,*,,,
UT,4902,Congressional District 2,"Stewart, Chris",R,60231.00000,0.10957,106383.00000,0.15310,,0.76625,*,0.04353,*,,,
UT,4903,Congressional District 3,"Chaffetz, Jason",R,58173.00000,0.10267,89368.00000,0.12898,,0.53625,*,0.02631,*,,,
UT,4904,Congressional District 4,"Love, Mia B.",R,37623.00000,0.07147,83764.00000,0.11599,,1.22640,*,0.04452,*,,,
VT,5000,Congressional District (at Large),"Welch, Peter",D,55506.00000,0.09439,72044.00000,0.11974,,0.29795,*,0.02535,*,,,
VA,5101,Congressional District 1,"Wittman, Robert J.",R,35587.00000,0.06439,57829.00000,0.07887,,0.62500,*,0.01448,*,,,
VA,5102,Congressional District 2,"Rigell, E. Scott",R,58197.00000,0.08386,73609.00000,0.10536,,0.26482,*,0.02150,*,,,
VA,5103,Congressional District 3,"Scott, Robert C. ""Bobby""",D,129445.00000,0.19087,156213.00000,0.21950,,0.20679,*,0.02863,*,,,
VA,5104,Congressional District 4,"Forbes, J. Randy",R,52546.00000,0.08785,74940.00000,0.10572,,0.42618,*,0.01787,*,,,
VA,5105,Congressional District 5,"Hurt, Robert",R,80621.00000,0.12577,108027.00000,0.15617,,0.33994,*,0.03040,*,,,
VA,5106,Congressional District 6,"Goodlatte, Bob",R,70085.00000,0.11085,107606.00000,0.15283,,0.53536,*,0.04198,*,,,
VA,5107,Congressional District 7,"Brat, Dave",R,29057.00000,0.04914,55785.00000,0.07592,,0.91985,*,0.02678,*,,,
VA,5108,Congressional District 8,"Beyer, Donald S., Jr.",D,47133.00000,0.07245,61764.00000,0.08191,,0.31042,*,0.00947,*,,,
VA,5109,Congressional District 9,"Griffith, H. Morgan",R,107781.00000,0.15627,131948.00000,0.19034,,0.22422,*,0.03408,*,,,
VA,5110,Congressional District 10,"Comstock, Barbara",R,20076.00000,0.03873,39258.00000,0.05145,,0.95547,*,0.01272,*,,,
VA,5111,Congressional District 11,"Connolly, Gerald E.",D,26113.00000,0.04366,47258.00000,0.06335,,0.80975,*,0.01969,*,,,
WA,5301,Congressional District 1,"DelBene, Suzan K.",D,35865.00000,0.06463,57706.00000,0.08479,,0.60898,*,0.02016,*,,,
WA,5302,Congressional District 2,"Larsen, Rick",D,54225.00000,0.09241,89844.00000,0.13255,,0.65687,*,0.04014,*,,,
WA,5303,Congressional District 3,"Herrera Beutler, Jaime",R,62091.00000,0.10994,93805.00000,0.13808,,0.51077,*,0.02814,*,,,
WA,5304,Congressional District 4,"Newhouse, Dan",R,94131.00000,0.16801,130255.00000,0.19125,,0.38376,*,0.02324,*,,,
WA,5305,Congressional District 5,"McMorris Rodgers, Cathy",R,80872.00000,0.13948,111350.00000,0.17067,,0.37687,*,0.03119,*,,,
WA,5306,Congressional District 6,"Kilmer, Derek",D,68569.00000,0.11476,88081.00000,0.13436,,0.28456,*,0.01960,*,,,
WA,5307,Congressional District 7,"McDermott, Jim",D,58571.00000,0.09538,82239.00000,0.12128,,0.40409,*,0.02590,*,,,
WA,5308,Congressional District 8,"Reichert, David G.",R,42148.00000,0.07607,72561.00000,0.10472,,0.72158,*,0.02865,*,,,
WA,5309,Congressional District 9,"Smith, Adam",D,58465.00000,0.09844,102716.00000,0.14877,,0.75688,*,0.05034,*,,,
WA,5310,Congressional District 10,"Heck, Denny",D,57433.00000,0.10273,87807.00000,0.12969,,0.52886,*,0.02696,*,,,
WV,5401,Congressional District 1,"McKinley, David B.",R,99331.00000,0.16988,105655.00000,0.17793,,0.06367,*,0.00804,*,,,
WV,5402,Congressional District 2,"Mooney, Alexander X.",R,82360.00000,0.14575,96216.00000,0.15745,,0.16824,*,0.01170,*,,,
WV,5403,Congressional District 3,"Jenkins, Evan H.",R,134103.00000,0.21837,124354.00000,0.20916,,-0.07270,*,-0.00921,*,,,
WI,5501,Congressional District 1,"Ryan, Paul",R,39741.00000,0.06256,80139.00000,0.11557,,1.01653,*,0.05301,*,,,
WI,5502,Congressional District 2,"Pocan, Mark",D,53905.00000,0.08796,93114.00000,0.13164,,0.72737,*,0.04368,*,,,
WI,5503,Congressional District 3,"Kind, Ron",D,65734.00000,0.10226,97417.00000,0.14223,,0.48199,*,0.03997,*,,,
WI,5504,Congressional District 4,"Moore, Gwen",D,130035.00000,0.18726,183064.00000,0.26229,,0.40781,*,0.07503,*,,,
WI,5505,Congressional District 5,"Sensenbrenner, F. James, Jr.",R,28145.00000,0.04287,56872.00000,0.08087,,1.02068,*,0.03799,*,,,
WI,5506,Congressional District 6,"Grothman, Glenn",R,37646.00000,0.05712,68560.00000,0.09989,,0.82118,*,0.04277,*,,,
WI,5507,Congressional District 7,"Duffy, Sean P.",R,55259.00000,0.08337,86014.00000,0.12389,,0.55656,*,0.04052,*,,,
WI,5508,Congressional District 8,"Ribble, Reid J.",R,41073.00000,0.06339,73377.00000,0.10430,,0.78650,*,0.04092,*,,,
WY,5600,Congressional District (at Large),"Lummis, Cynthia M.",R,54777.00000,0.11424,65271.00000,0.11631,,0.19158,*,0.00207,,,,
